phenotype ,taxonomy rank level ,NCBI taxon id ,scientific name ,super kingdom ,Nr. runs in which the species/genus can be found ,mean relative abundance of parkinson,median relative abundance of parkinson,SD of relative abundance of parkinson
D010300 ,species ,9,Buchnera aphidicola ,Bacteria ,1,0.00143707,0.00143707, 
D010300 ,species ,24,Shewanella putrefaciens ,Bacteria ,2,0.00238326,0.00238326,0.001338115
D010300 ,species ,193,Azospirillum lipoferum ,Bacteria ,1,0.183411,0.183411, 
D010300 ,species ,199,Campylobacter concisus ,Bacteria ,1,0.0154237,0.0154237, 
D010300 ,species ,287,Pseudomonas aeruginosa ,Bacteria ,7,0.040968973,0.05222,0.028749665
D010300 ,species ,305,Ralstonia solanacearum ,Bacteria ,1,0.00233481,0.00233481, 
D010300 ,species ,306,Pseudomonas sp. ,Bacteria ,2,0.066325,0.066325,0.032152145
D010300 ,species ,329,Ralstonia pickettii ,Bacteria ,1,0.00998835,0.00998835, 
D010300 ,species ,350,Zoogloea ramigera ,Bacteria ,1,0.00118644,0.00118644, 
D010300 ,species ,381,Mesorhizobium loti ,Bacteria ,1,7.0318,7.0318, 
D010300 ,species ,446,Legionella pneumophila ,Bacteria ,1,0.832362,0.832362, 
D010300 ,species ,471,Acinetobacter calcoaceticus ,Bacteria ,1,0.0599301,0.0599301, 
D010300 ,species ,478,Moraxella nonliquefaciens ,Bacteria ,1,0.000504238,0.000504238, 
D010300 ,species ,480,Moraxella catarrhalis ,Bacteria ,1,0.000504238,0.000504238, 
D010300 ,species ,483,Neisseria cinerea ,Bacteria ,4,0.003092095,0.002566115,0.001998315
D010300 ,species ,505,Kingella oralis ,Bacteria ,1,0.00118644,0.00118644, 
D010300 ,species ,546,Citrobacter freundii ,Bacteria ,1,0.00129131,0.00129131, 
D010300 ,species ,550,Enterobacter cloacae ,Bacteria ,5,0.088132,0.09075,0.008088264
D010300 ,species ,553,Pantoea ananatis ,Bacteria ,2,0.002003035,0.002003035,0.001231929
D010300 ,species ,562,Escherichia coli ,Bacteria ,121,2.267044394,0.24862,4.856490232
D010300 ,species ,569,Hafnia alvei ,Bacteria ,6,0.28574,0.30158,0.044219301
D010300 ,species ,573,Klebsiella pneumoniae ,Bacteria ,19,0.135106247,0.14647,0.12168708
D010300 ,species ,576,Klebsiella sp. ,Bacteria ,3,0.02929,0.01706,0.032395338
D010300 ,species ,584,Proteus mirabilis ,Bacteria ,1,0.00129131,0.00129131, 
D010300 ,species ,587,Providencia rettgeri ,Bacteria ,2,0.002669715,0.002669715,0.001743223
D010300 ,species ,623,Shigella flexneri ,Bacteria ,1,0.00516522,0.00516522, 
D010300 ,species ,644,Aeromonas hydrophila ,Bacteria ,1,0.00143707,0.00143707, 
D010300 ,species ,726,Haemophilus haemolyticus ,Bacteria ,3,0.003054777,0.00339578,0.001723327
D010300 ,species ,727,Haemophilus influenzae ,Bacteria ,1,0.00237287,0.00237287, 
D010300 ,species ,729,Haemophilus parainfluenzae ,Bacteria ,51,0.028537191,0.01308,0.041656003
D010300 ,species ,732,Aggregatibacter aphrophilus ,Bacteria ,3,0.01031714,0.00458211,0.010831214
D010300 ,species ,738,[Haemophilus] parasuis ,Bacteria ,1,0.00114553,0.00114553, 
D010300 ,species ,739,Aggregatibacter segnis ,Bacteria ,2,0.003582355,0.003582355,0.003033891
D010300 ,species ,817,Bacteroides fragilis ,Bacteria ,91,0.300795371,0.15581,0.35113539
D010300 ,species ,818,Bacteroides thetaiotaomicron ,Bacteria ,164,0.653785113,0.33594,0.889226568
D010300 ,species ,820,Bacteroides uniformis ,Bacteria ,226,5.423138288,2.30154,7.296562532
D010300 ,species ,821,Bacteroides vulgatus ,Bacteria ,216,3.10377857,1.360875,4.432938678
D010300 ,species ,823,Parabacteroides distasonis ,Bacteria ,191,0.871959115,0.50749,1.023117771
D010300 ,species ,824,Campylobacter gracilis ,Bacteria ,2,0.00154575,0.00154575,0.000573365
D010300 ,species ,827,Campylobacter ureolyticus ,Bacteria ,1,0.00610309,0.00610309, 
D010300 ,species ,831,Butyrivibrio fibrisolvens ,Bacteria ,2,0.007481135,0.007481135,0.008735831
D010300 ,species ,833,Fibrobacter succinogenes ,Bacteria ,1,0.000504238,0.000504238, 
D010300 ,species ,839,Prevotella ruminicola ,Bacteria ,1,0.0028516,0.0028516, 
D010300 ,species ,840,Prevotella loescheii ,Bacteria ,5,0.054050784,0.00792348,0.092264479
D010300 ,species ,847,Oxalobacter formigenes ,Bacteria ,34,0.055591821,0.05647,0.0363128
D010300 ,species ,850,Fusobacterium mortiferum ,Bacteria ,3,0.049589317,0.00287414,0.08138058
D010300 ,species ,851,Fusobacterium nucleatum ,Bacteria ,8,0.004151979,0.00291158,0.003108087
D010300 ,species ,852,Fusobacterium perfoetens ,Bacteria ,1,0.0765773,0.0765773, 
D010300 ,species ,853,Faecalibacterium prausnitzii ,Bacteria ,234,7.652348153,4.906085,7.75291048
D010300 ,species ,856,Fusobacterium varium ,Bacteria ,1,0.00355931,0.00355931, 
D010300 ,species ,858,Fusobacterium necrogenes ,Bacteria ,1,0.00474575,0.00474575, 
D010300 ,species ,859,Fusobacterium necrophorum ,Bacteria ,1,0.102009,0.102009, 
D010300 ,species ,860,Fusobacterium periodonticum ,Bacteria ,4,0.003474738,0.001285665,0.004477029
D010300 ,species ,876,Desulfovibrio desulfuricans ,Bacteria ,46,0.127454745,0.136805,0.107633671
D010300 ,species ,881,Desulfovibrio vulgaris ,Bacteria ,9,0.049226967,0.0302792,0.064017373
D010300 ,species ,901,Desulfovibrio piger ,Bacteria ,30,1.296870888,1.577835,0.77716573
D010300 ,species ,905,Acidaminococcus fermentans ,Bacteria ,9,0.308006608,0.38207,0.174668733
D010300 ,species ,907,Megasphaera elsdenii ,Bacteria ,16,0.026666898,0.01222265,0.029082309
D010300 ,species ,920,Acidithiobacillus ferrooxidans ,Bacteria ,2,0.001445635,0.001445635,0.000366557
D010300 ,species ,930,Acidithiobacillus thiooxidans ,Bacteria ,1,0.00151271,0.00151271, 
D010300 ,species ,931,Thiobacillus thioparus ,Bacteria ,2,0.001148835,0.001148835,0.000391688
D010300 ,species ,971,Selenomonas ruminantium ,Bacteria ,4,0.005067903,0.005581455,0.002998596
D010300 ,species ,996,Flavobacterium columnare ,Bacteria ,4,0.0016066,0.001541555,0.000640855
D010300 ,species ,1015,Bergeyella zoohelcum ,Bacteria ,3,0.002069857,0.0014258,0.001619121
D010300 ,species ,1018,Capnocytophaga ochracea ,Bacteria ,4,0.134297393,0.00201982,0.265147527
D010300 ,species ,1245,Leuconostoc mesenteroides ,Bacteria ,1,0.00114032,0.00114032, 
D010300 ,species ,1251,Leuconostoc fallax ,Bacteria ,1,0.000504238,0.000504238, 
D010300 ,species ,1254,Pediococcus acidilactici ,Bacteria ,1,0.000504238,0.000504238, 
D010300 ,species ,1255,Pediococcus pentosaceus ,Bacteria ,1,0.00339578,0.00339578, 
D010300 ,species ,1260,Finegoldia magna ,Bacteria ,4,0.012359725,0.0075589,0.014929149
D010300 ,species ,1261,Peptostreptococcus anaerobius ,Bacteria ,1,0.00100848,0.00100848, 
D010300 ,species ,1262,Peptostreptococcus sp. ,Bacteria ,5,0.01533,0.01566,0.010612603
D010300 ,species ,1264,Ruminococcus albus ,Bacteria ,24,0.052769529,0.004785,0.165875074
D010300 ,species ,1265,Ruminococcus flavefaciens ,Bacteria ,12,0.369202252,0.10562945,0.486284223
D010300 ,species ,1267,Clostridium ventriculi ,Bacteria ,1,0.00113193,0.00113193, 
D010300 ,species ,1270,Micrococcus luteus ,Bacteria ,1,0.00332945,0.00332945, 
D010300 ,species ,1280,Staphylococcus aureus ,Bacteria ,6,0.441887685,0.0017592,1.078604928
D010300 ,species ,1282,Staphylococcus epidermidis ,Bacteria ,2,0.118841155,0.118841155,0.166240585
D010300 ,species ,1302,Streptococcus gordonii ,Bacteria ,21,0.024574922,0.00338,0.038229324
D010300 ,species ,1303,Streptococcus oralis ,Bacteria ,17,0.048052998,0.0117071,0.077337898
D010300 ,species ,1304,Streptococcus salivarius ,Bacteria ,122,0.508874022,0.06035,1.38439897
D010300 ,species ,1305,Streptococcus sanguinis ,Bacteria ,12,0.006176667,0.005715,0.004394168
D010300 ,species ,1307,Streptococcus suis ,Bacteria ,8,0.004631579,0.004436235,0.002895661
D010300 ,species ,1308,Streptococcus thermophilus ,Bacteria ,92,0.233653763,0.058565,0.36597593
D010300 ,species ,1309,Streptococcus mutans ,Bacteria ,14,0.007887176,0.007532365,0.00511229
D010300 ,species ,1310,Streptococcus sobrinus ,Bacteria ,2,0.001615,0.001615,0.001081873
D010300 ,species ,1311,Streptococcus agalactiae ,Bacteria ,3,0.0023172,0.00210819,0.000925616
D010300 ,species ,1313,Streptococcus pneumoniae ,Bacteria ,2,0.0013502,0.0013502,0.000231592
D010300 ,species ,1318,Streptococcus parasanguinis ,Bacteria ,70,0.154452,0.070365,0.189138375
D010300 ,species ,1322,Blautia hansenii ,Bacteria ,15,0.005122657,0.00511448,0.002566998
D010300 ,species ,1323,Faecalicoccus pleomorphus ,Bacteria ,4,0.00595117,0.00397852,0.006489605
D010300 ,species ,1328,Streptococcus anginosus ,Bacteria ,24,0.018336935,0.004795,0.028722564
D010300 ,species ,1335,Streptococcus equinus ,Bacteria ,2,0.000965019,0.000965019,0.000651643
D010300 ,species ,1336,Streptococcus equi ,Bacteria ,1,0.00118644,0.00118644, 
D010300 ,species ,1337,Streptococcus hyointestinalis ,Bacteria ,1,0.000504238,0.000504238, 
D010300 ,species ,1338,Streptococcus intermedius ,Bacteria ,3,0.001731343,0.00174374,0.000538812
D010300 ,species ,1343,Streptococcus vestibularis ,Bacteria ,47,0.042133303,0.0232435,0.06832414
D010300 ,species ,1351,Enterococcus faecalis ,Bacteria ,11,0.072593636,0.05715,0.064308379
D010300 ,species ,1352,Enterococcus faecium ,Bacteria ,9,0.043419148,0.04847,0.025331361
D010300 ,species ,1356,Enterococcus sulfureus ,Bacteria ,3,0.001586017,0.00129131,0.000653352
D010300 ,species ,1358,Lactococcus lactis ,Bacteria ,48,0.053886919,0.04704,0.042658992
D010300 ,species ,1366,Lactococcus raffinolactis ,Bacteria ,4,0.00359634,0.001924385,0.003699016
D010300 ,species ,1376,Aerococcus urinae ,Bacteria ,1,0.00233481,0.00233481, 
D010300 ,species ,1379,Gemella haemolysans ,Bacteria ,9,0.020591462,0.00195118,0.049920932
D010300 ,species ,1382,Atopobium parvulum ,Bacteria ,3,0.0017671,0.00100848,0.001433904
D010300 ,species ,1383,Atopobium rimae ,Bacteria ,1,0.00129131,0.00129131, 
D010300 ,species ,1402,Bacillus licheniformis ,Bacteria ,2,0.000818084,0.000818084,0.000443845
D010300 ,species ,1423,Bacillus subtilis ,Bacteria ,1,0.00287414,0.00287414, 
D010300 ,species ,1428,Bacillus thuringiensis ,Bacteria ,1,0.000504238,0.000504238, 
D010300 ,species ,1476,Sporosarcina psychrophila ,Bacteria ,1,0.00390236,0.00390236, 
D010300 ,species ,1488,Clostridium acetobutylicum ,Bacteria ,13,0.005697278,0.00342095,0.004551858
D010300 ,species ,1490,Paraclostridium bifermentans ,Bacteria ,4,0.0023927,0.00264464,0.001120128
D010300 ,species ,1491,Clostridium botulinum ,Bacteria ,4,0.001706235,0.001402635,0.000793205
D010300 ,species ,1492,Clostridium butyricum ,Bacteria ,4,0.014746385,0.0043383,0.023612235
D010300 ,species ,1496,Clostridioides difficile ,Bacteria ,1,0.00130397,0.00130397, 
D010300 ,species ,1497,Clostridium formicaceticum ,Bacteria ,2,0.000688054,0.000688054,0.000259955
D010300 ,species ,1501,Clostridium pasteurianum ,Bacteria ,17,0.017353149,0.0170827,0.010864795
D010300 ,species ,1502,Clostridium perfringens ,Bacteria ,4,0.00556207,0.00323944,0.006009228
D010300 ,species ,1503,[Clostridium] purinilyticum ,Bacteria ,3,0.0076707,0.00608939,0.007299654
D010300 ,species ,1504,Clostridium septicum ,Bacteria ,16,0.091146863,0.008492525,0.238112845
D010300 ,species ,1507,Clostridium sp. ATCC 29733 ,Bacteria ,12,0.003503621,0.002068995,0.003147376
D010300 ,species ,1510,[Clostridium] stercorarium ,Bacteria ,17,0.005951058,0.00343658,0.008198535
D010300 ,species ,1512,[Clostridium] symbiosum ,Bacteria ,43,0.027855312,0.00708,0.047397792
D010300 ,species ,1515,Ruminiclostridium thermocellum ,Bacteria ,17,0.081368106,0.0527546,0.103177372
D010300 ,species ,1520,Clostridium beijerinckii ,Bacteria ,9,0.108313797,0.00712901,0.276012682
D010300 ,species ,1522,[Clostridium] innocuum ,Bacteria ,3,0.00354,0.00385,0.001814966
D010300 ,species ,1529,Clostridium cadaveris ,Bacteria ,2,0.00128835,0.00128835,0.000588992
D010300 ,species ,1530,Clostridium carnis ,Bacteria ,3,0.01879586,0.0022777,0.028893528
D010300 ,species ,1531,[Clostridium] clostridioforme ,Bacteria ,12,0.015452468,0.01131,0.012254874
D010300 ,species ,1532,Blautia coccoides ,Bacteria ,17,0.055203905,0.0379475,0.050666201
D010300 ,species ,1535,[Clostridium] leptum ,Bacteria ,83,0.107023447,0.02087,0.18174289
D010300 ,species ,1538,Clostridium ljungdahlii ,Bacteria ,1,0.00114032,0.00114032, 
D010300 ,species ,1539,Clostridium malenominatum ,Bacteria ,5,0.001874148,0.00130397,0.000879865
D010300 ,species ,1547,Erysipelatoclostridium ramosum ,Bacteria ,16,0.091757451,0.06038,0.131768815
D010300 ,species ,1559,Clostridium tertium ,Bacteria ,15,0.108330969,0.0176483,0.24284646
D010300 ,species ,1561,Clostridium baratii ,Bacteria ,2,0.004427325,0.004427325,0.002959263
D010300 ,species ,1563,Desulfosporosinus orientis ,Bacteria ,4,0.005309208,0.005563075,0.002411027
D010300 ,species ,1564,Desulfotomaculum ruminis ,Bacteria ,5,0.001911378,0.00151396,0.001184265
D010300 ,species ,1565,Desulfotomaculum nigrificans ,Bacteria ,1,0.00226385,0.00226385, 
D010300 ,species ,1579,Lactobacillus acidophilus ,Bacteria ,7,0.331180443,0.44471,0.207015682
D010300 ,species ,1582,Lactobacillus casei ,Bacteria ,9,0.060463973,0.0182556,0.095993198
D010300 ,species ,1584,Lactobacillus delbrueckii ,Bacteria ,3,0.00195908,0.00210819,0.000709928
D010300 ,species ,1589,Lactobacillus pentosus ,Bacteria ,5,0.008142398,0.00343658,0.012120725
D010300 ,species ,1590,Lactobacillus plantarum ,Bacteria ,6,0.029060653,0.03164,0.01367997
D010300 ,species ,1596,Lactobacillus gasseri ,Bacteria ,17,0.063374309,0.02295,0.071563777
D010300 ,species ,1597,Lactobacillus paracasei ,Bacteria ,2,0.000818084,0.000818084,0.000443845
D010300 ,species ,1598,Lactobacillus reuteri ,Bacteria ,6,0.0048583,0.00275892,0.005093462
D010300 ,species ,1599,Lactobacillus sakei ,Bacteria ,11,0.01864664,0.00174374,0.027665095
D010300 ,species ,1601,Lactobacillus agilis ,Bacteria ,1,0.00113193,0.00113193, 
D010300 ,species ,1604,Lactobacillus amylovorus ,Bacteria ,8,0.405694135,0.086255,0.993918725
D010300 ,species ,1605,Lactobacillus animalis ,Bacteria ,5,0.026125802,0.00210819,0.053892074
D010300 ,species ,1613,Lactobacillus fermentum ,Bacteria ,4,0.03573,0.040805,0.022662729
D010300 ,species ,1622,Lactobacillus murinus ,Bacteria ,2,0.002306205,0.002306205,0.000390896
D010300 ,species ,1623,Lactobacillus ruminis ,Bacteria ,5,0.02100952,0.0087,0.0280634
D010300 ,species ,1624,Lactobacillus salivarius ,Bacteria ,4,0.003785358,0.00363,0.001344446
D010300 ,species ,1625,Lactobacillus sanfranciscensis ,Bacteria ,2,0.001745,0.001745,0.001251579
D010300 ,species ,1626,Lactobacillus sharpeae ,Bacteria ,2,0.000940175,0.000940175,9.66E-05
D010300 ,species ,1630,Kandleria vitulina ,Bacteria ,6,0.103669012,0.044961,0.158849106
D010300 ,species ,1632,Lactobacillus oris ,Bacteria ,5,0.009132,0.00727,0.006466879
D010300 ,species ,1633,Lactobacillus vaginalis ,Bacteria ,6,0.003954945,0.004309835,0.00147782
D010300 ,species ,1648,Erysipelothrix rhusiopathiae ,Bacteria ,2,0.003555785,0.003555785,0.003602433
D010300 ,species ,1655,Actinomyces naeslundii ,Bacteria ,2,0.003087875,0.003087875,0.001165347
D010300 ,species ,1656,Actinomyces viscosus ,Bacteria ,1,0.01717,0.01717, 
D010300 ,species ,1659,Actinomyces israelii ,Bacteria ,5,0.004031082,0.00151396,0.005216396
D010300 ,species ,1660,Actinomyces odontolyticus ,Bacteria ,28,0.023681968,0.0208541,0.020129713
D010300 ,species ,1670,Arthrobacter citreus ,Bacteria ,1,0.0199767,0.0199767, 
D010300 ,species ,1680,Bifidobacterium adolescentis ,Bacteria ,157,4.853690416,1.35133,6.700659861
D010300 ,species ,1681,Bifidobacterium bifidum ,Bacteria ,68,0.437964581,0.359055,0.431768318
D010300 ,species ,1683,Bifidobacterium angulatum ,Bacteria ,19,0.393699422,0.1459,0.416510656
D010300 ,species ,1685,Bifidobacterium breve ,Bacteria ,17,0.074631489,0.0326874,0.110861284
D010300 ,species ,1686,Bifidobacterium catenulatum ,Bacteria ,29,0.364156472,0.218148,0.67439097
D010300 ,species ,1687,Bifidobacterium coryneforme ,Bacteria ,1,0.00574828,0.00574828, 
D010300 ,species ,1688,Bifidobacterium cuniculi ,Bacteria ,1,0.00287414,0.00287414, 
D010300 ,species ,1689,Bifidobacterium dentium ,Bacteria ,29,0.063411507,0.0421917,0.05721475
D010300 ,species ,1691,Bifidobacterium indicum ,Bacteria ,15,0.032110475,0.0181675,0.044980298
D010300 ,species ,1693,Bifidobacterium minimum ,Bacteria ,1,0.00113193,0.00113193, 
D010300 ,species ,1694,Bifidobacterium pseudolongum ,Bacteria ,13,0.007138055,0.00569424,0.005623653
D010300 ,species ,1718,Corynebacterium glutamicum ,Bacteria ,3,0.00125461,0.00118644,0.000159689
D010300 ,species ,1732,Eubacterium oxidoreducens ,Bacteria ,1,0.00718535,0.00718535, 
D010300 ,species ,1735,Holdemanella biformis ,Bacteria ,59,0.627455303,0.32073,0.78274816
D010300 ,species ,1736,Eubacterium limosum ,Bacteria ,3,0.001121267,0.00113193,0.00024424
D010300 ,species ,1737,[Eubacterium] tenue ,Bacteria ,1,0.00226385,0.00226385, 
D010300 ,species ,1744,Propionibacterium freudenreichii ,Bacteria ,7,0.005631927,0.00229106,0.006271622
D010300 ,species ,1747,Propionibacterium acnes ,Bacteria ,2,1.513670935,1.513670935,2.139420955
D010300 ,species ,1764,Mycobacterium avium ,Bacteria ,1,0.00332945,0.00332945, 
D010300 ,species ,2047,Rothia dentocariosa ,Bacteria ,2,0.03386466,0.03386466,0.046279205
D010300 ,species ,2051,Mobiluncus curtisii ,Bacteria ,2,0.001517525,0.001517525,0.000319916
D010300 ,species ,2082,Syntrophomonas bryantii ,Bacteria ,6,0.002928878,0.002283395,0.002043972
D010300 ,species ,2145,Spiroplasma taiwanense ,Bacteria ,3,0.09497624,0.00340965,0.160309325
D010300 ,species ,2148,Acholeplasma laidlawii ,Bacteria ,1,0.010589,0.010589, 
D010300 ,species ,2173,Methanobrevibacter smithii ,Archaea ,127,1.168457411,0.61057,1.547299847
D010300 ,species ,2317,Methanosphaera stadtmanae ,Archaea ,12,0.082397143,0.024925,0.112258815
D010300 ,species ,2350,Haliscomenobacter hydrossis ,Bacteria ,1,0.000504238,0.000504238, 
D010300 ,species ,2702,Gardnerella vaginalis ,Bacteria ,3,0.006686323,0.00355931,0.006545273
D010300 ,species ,13335,Anaerobiospirillum succiniciproducens ,Bacteria ,1,0.0142044,0.0142044, 
D010300 ,species ,28025,Bifidobacterium animalis ,Bacteria ,21,0.495896683,0.238554,0.505949007
D010300 ,species ,28026,Bifidobacterium pseudocatenulatum ,Bacteria ,36,0.76472421,0.2048075,1.106961208
D010300 ,species ,28037,Streptococcus mitis ,Bacteria ,17,0.059084489,0.00569424,0.170757322
D010300 ,species ,28049,Acidothermus cellulolyticus ,Bacteria ,1,0.00201695,0.00201695, 
D010300 ,species ,28090,Acinetobacter lwoffii ,Bacteria ,1,0.0566006,0.0566006, 
D010300 ,species ,28104,Mesorhizobium huakuii ,Bacteria ,1,0.592642,0.592642, 
D010300 ,species ,28111,Bacteroides eggerthii ,Bacteria ,57,1.658674137,1.8918,1.359633105
D010300 ,species ,28112,Tannerella forsythia ,Bacteria ,5,0.654403394,0.00975591,0.944681938
D010300 ,species ,28114,Porphyromonas levii ,Bacteria ,3,0.005751143,0.00129131,0.007855782
D010300 ,species ,28116,Bacteroides ovatus ,Bacteria ,179,1.788428459,0.32689,4.323442335
D010300 ,species ,28117,Alistipes putredinis ,Bacteria ,199,3.945488179,3.28611,2.998100581
D010300 ,species ,28118,Odoribacter splanchnicus ,Bacteria ,92,0.658922035,0.589055,0.347199399
D010300 ,species ,28123,Porphyromonas asaccharolytica ,Bacteria ,2,0.02045596,0.02045596,0.021624372
D010300 ,species ,28125,Prevotella bivia ,Bacteria ,11,0.385054568,0.01037,0.944250707
D010300 ,species ,28126,Prevotella buccae ,Bacteria ,2,0.001358555,0.001358555,9.51E-05
D010300 ,species ,28127,Prevotella buccalis ,Bacteria ,4,0.0017363,0.001660555,0.000727339
D010300 ,species ,28128,Prevotella corporis ,Bacteria ,2,0.003499535,0.003499535,0.003329066
D010300 ,species ,28129,Prevotella denticola ,Bacteria ,5,0.111385536,0.117071,0.118323953
D010300 ,species ,28130,Prevotella disiens ,Bacteria ,4,0.1363425,0.135465,0.097103261
D010300 ,species ,28134,Prevotella oralis ,Bacteria ,1,0.000504238,0.000504238, 
D010300 ,species ,28135,Prevotella oris ,Bacteria ,13,0.791254667,0.00237287,2.532800132
D010300 ,species ,28136,Prevotella oulorum ,Bacteria ,4,0.039322755,0.030734565,0.038576413
D010300 ,species ,28137,Prevotella veroralis ,Bacteria ,1,0.00114553,0.00114553, 
D010300 ,species ,28446,[Clostridium] propionicum ,Bacteria ,17,0.053229434,0.0287717,0.093704735
D010300 ,species ,28447,Clavibacter michiganensis ,Bacteria ,14,0.047711754,0.02170765,0.068445307
D010300 ,species ,28901,Salmonella enterica ,Bacteria ,3,0.003932297,0.00287414,0.002380943
D010300 ,species ,29317,Actinomyces sp. ,Bacteria ,2,0.00130612,0.00130612,0.000169253
D010300 ,species ,29347,[Clostridium] scindens ,Bacteria ,2,0.002586929,0.002586929,0.00294537
D010300 ,species ,29348,[Clostridium] spiroforme ,Bacteria ,16,0.132977168,0.05297615,0.189093329
D010300 ,species ,29360,Cellulosilyticum lentocellum ,Bacteria ,1,0.00905541,0.00905541, 
D010300 ,species ,29361,Tyzzerella nexilis ,Bacteria ,15,1.812390667,0.09656,2.224784663
D010300 ,species ,29363,Clostridium paraputrificum ,Bacteria ,10,0.030197023,0.004867115,0.078658179
D010300 ,species ,29364,[Clostridium] polysaccharolyticum ,Bacteria ,4,0.001338355,0.001238875,0.000278232
D010300 ,species ,29367,Clostridium puniceum ,Bacteria ,1,0.00113193,0.00113193, 
D010300 ,species ,29370,[Clostridium] sphenoides ,Bacteria ,2,0.001148835,0.001148835,0.000391688
D010300 ,species ,29371,[Clostridium] termitidis ,Bacteria ,2,0.00446598,0.00446598,0.004889643
D010300 ,species ,29372,Clostridium thermobutyricum ,Bacteria ,5,0.526551754,0.00170483,1.171672242
D010300 ,species ,29375,[Clostridium] xylanolyticum ,Bacteria ,7,0.00207617,0.00151396,0.001328933
D010300 ,species ,29385,Staphylococcus saprophyticus ,Bacteria ,7,0.082692947,0.09382,0.037352653
D010300 ,species ,29391,Gemella morbillorum ,Bacteria ,2,0.000845339,0.000845339,0.00048239
D010300 ,species ,29394,Dolosigranulum pigrum ,Bacteria ,3,0.481113559,0.00118644,0.831849029
D010300 ,species ,29448,Bradyrhizobium elkanii ,Bacteria ,1,3.79224,3.79224, 
D010300 ,species ,29449,Rhizobium etli ,Bacteria ,2,0.020542665,0.020542665,0.027450925
D010300 ,species ,29466,Veillonella parvula ,Bacteria ,61,0.058773385,0.02173,0.109304728
D010300 ,species ,29524,Porphyromonas circumdentaria ,Bacteria ,1,0.00087187,0.00087187, 
D010300 ,species ,29527,Syntrophobacter wolinii ,Bacteria ,1,0.0039119,0.0039119, 
D010300 ,species ,29533,Flavobacterium pectinovorum ,Bacteria ,3,0.00933757,0.00339578,0.012291858
D010300 ,species ,29552,Acholeplasma axanthum ,Bacteria ,6,0.03473034,0.00269388,0.068336351
D010300 ,species ,31909,Halothermothrix orenii ,Bacteria ,2,0.001326515,0.001326515,0.000263319
D010300 ,species ,31971,[Eubacterium] dolichum ,Bacteria ,14,0.109207755,0.01690225,0.153230027
D010300 ,species ,31973,Eggerthia catenaformis ,Bacteria ,2,0.001475515,0.001475515,5.44E-05
D010300 ,species ,32016,Desulfovibrio oxamicus ,Bacteria ,9,0.017534618,0.0126492,0.01535799
D010300 ,species ,33011,Propionibacterium granulosum ,Bacteria ,1,0.259697,0.259697, 
D010300 ,species ,33025,Phascolarctobacterium faecium ,Bacteria ,1,0.00113193,0.00113193, 
D010300 ,species ,33031,Peptoniphilus lacrimalis ,Bacteria ,17,0.015555702,0.0102496,0.017955792
D010300 ,species ,33032,Anaerococcus lactolyticus ,Bacteria ,1,0.0014258,0.0014258, 
D010300 ,species ,33033,Parvimonas micra ,Bacteria ,4,0.002703445,0.002882215,0.001791868
D010300 ,species ,33034,Anaerococcus prevotii ,Bacteria ,1,0.24305,0.24305, 
D010300 ,species ,33035,Blautia producta ,Bacteria ,4,0.002020263,0.001760625,0.001085206
D010300 ,species ,33037,Anaerococcus vaginalis ,Bacteria ,1,0.00129131,0.00129131, 
D010300 ,species ,33038,[Ruminococcus] gnavus ,Bacteria ,57,1.363628071,0.02005,3.795769705
D010300 ,species ,33039,[Ruminococcus] torques ,Bacteria ,181,0.781639733,0.71307,0.543190513
D010300 ,species ,33043,Coprococcus eutactus ,Bacteria ,39,1.601599956,0.73988,1.977247414
D010300 ,species ,33051,Sphingomonas sanguinis ,Bacteria ,1,0.0566006,0.0566006, 
D010300 ,species ,33052,Sphingopyxis terrae ,Bacteria ,1,0.0133178,0.0133178, 
D010300 ,species ,33905,Bifidobacterium thermophilum ,Bacteria ,2,0.033809005,0.033809005,0.045673858
D010300 ,species ,33959,Lactobacillus johnsonii ,Bacteria ,3,0.012457773,0.0116218,0.008238014
D010300 ,species ,34059,Moraxella atlantae ,Bacteria ,1,0.00332945,0.00332945, 
D010300 ,species ,34062,Moraxella osloensis ,Bacteria ,1,0.0799068,0.0799068, 
D010300 ,species ,35517,[Eubacterium] brachy ,Bacteria ,17,0.053334632,0.0201695,0.089531707
D010300 ,species ,35519,Mogibacterium timidum ,Bacteria ,9,0.089030059,0.0712901,0.078466281
D010300 ,species ,35701,Heliobacterium modesticaldum ,Bacteria ,1,0.00113193,0.00113193, 
D010300 ,species ,35760,Bifidobacterium choerinum ,Bacteria ,15,0.087623187,0.0339032,0.149699442
D010300 ,species ,35785,Clostridium maximum ,Bacteria ,3,0.0067675,0.00608939,0.004529179
D010300 ,species ,35825,Pseudobacteroides cellulosolvens ,Bacteria ,5,0.002111032,0.00210819,0.001057854
D010300 ,species ,35833,Bilophila wadsworthia ,Bacteria ,84,0.059246326,0.022675,0.094413585
D010300 ,species ,35839,Holophaga foetida ,Bacteria ,1,0.00340965,0.00340965, 
D010300 ,species ,36740,Dermabacter hominis ,Bacteria ,1,0.00332945,0.00332945, 
D010300 ,species ,36745,Clostridium saccharoperbutylacetonicum ,Bacteria ,8,0.018975331,0.012960455,0.019123629
D010300 ,species ,36834,Clostridium celatum ,Bacteria ,4,0.005541383,0.005503975,0.003082856
D010300 ,species ,36835,[Clostridium] colinum ,Bacteria ,7,0.1394867,0.0729802,0.156645939
D010300 ,species ,36847,[Clostridium] neopropionicum ,Bacteria ,17,0.21820558,0.117071,0.341950413
D010300 ,species ,36849,Oxobacter pfennigii ,Bacteria ,2,0.001267019,0.001267019,0.001078735
D010300 ,species ,36850,Clostridium quinii ,Bacteria ,1,0.00565963,0.00565963, 
D010300 ,species ,36854,Desulfitobacterium dehalogenans ,Bacteria ,10,0.005174515,0.003123095,0.005459606
D010300 ,species ,36855,Brucella canis ,Bacteria ,1,0.00332945,0.00332945, 
D010300 ,species ,36874,Porphyromonas cangingivalis ,Bacteria ,1,0.00258261,0.00258261, 
D010300 ,species ,37637,Corynebacterium pseudodiphtheriticum ,Bacteria ,1,0.166472,0.166472, 
D010300 ,species ,37734,Enterococcus casseliflavus ,Bacteria ,3,0.008380407,0.00332945,0.010430368
D010300 ,species ,37915,Dietzia maris ,Bacteria ,1,0.029965,0.029965, 
D010300 ,species ,37930,Glutamicibacter protophormiae ,Bacteria ,1,0.00114032,0.00114032, 
D010300 ,species ,38284,Corynebacterium accolens ,Bacteria ,3,3.26843102,0.00252119,5.658150172
D010300 ,species ,38286,Corynebacterium afermentans ,Bacteria ,1,0.0632595,0.0632595, 
D010300 ,species ,38287,Corynebacterium fastidiosum ,Bacteria ,1,0.00332945,0.00332945, 
D010300 ,species ,38301,Corynebacterium minutissimum ,Bacteria ,1,0.00332945,0.00332945, 
D010300 ,species ,38304,Corynebacterium tuberculostearicum ,Bacteria ,1,0.572665,0.572665, 
D010300 ,species ,38986,Acholeplasma palmae ,Bacteria ,6,0.140874115,0.00706056,0.308837815
D010300 ,species ,39029,Megasphaera cerevisiae ,Bacteria ,4,0.34048333,0.00316954,0.676405664
D010300 ,species ,39482,[Eubacterium] contortum ,Bacteria ,3,0.001341829,0.00118644,0.000925126
D010300 ,species ,39483,Faecalitalea cylindroides ,Bacteria ,14,0.173374857,0.017655,0.225427191
D010300 ,species ,39484,Eubacterium desmolans ,Bacteria ,17,0.032941448,0.0193604,0.033568688
D010300 ,species ,39485,[Eubacterium] eligens ,Bacteria ,192,1.042270952,0.59459,1.196252102
D010300 ,species ,39486,Dorea formicigenerans ,Bacteria ,161,0.228620876,0.15717,0.224783504
D010300 ,species ,39488,[Eubacterium] hallii ,Bacteria ,186,0.808608527,0.338215,1.896293637
D010300 ,species ,39490,Eubacterium ramulus ,Bacteria ,112,0.174582295,0.09749,0.267671236
D010300 ,species ,39491,[Eubacterium] rectale ,Bacteria ,219,4.206667905,1.54505,5.94322465
D010300 ,species ,39492,[Eubacterium] siraeum ,Bacteria ,208,3.764811191,1.185745,6.130108783
D010300 ,species ,39493,Clostridium tarantellae ,Bacteria ,2,0.002142995,0.002142995,0.000271267
D010300 ,species ,39494,[Eubacterium] tortuosum ,Bacteria ,7,0.010248063,0.00811919,0.008036841
D010300 ,species ,39496,Eubacterium ventriosum ,Bacteria ,125,0.310515333,0.15359,0.528181317
D010300 ,species ,39497,Eubacterium xylanophilum ,Bacteria ,10,0.008547682,0.0058362,0.008714343
D010300 ,species ,39645,Mesorhizobium ciceri ,Bacteria ,1,0.00332945,0.00332945, 
D010300 ,species ,39777,Veillonella atypica ,Bacteria ,16,0.041675375,0.008652435,0.07827501
D010300 ,species ,39778,Veillonella dispar ,Bacteria ,19,0.042713631,0.0168655,0.091007887
D010300 ,species ,39950,Dialister pneumosintes ,Bacteria ,10,0.007074873,0.006696925,0.006566469
D010300 ,species ,40214,Acinetobacter johnsonii ,Bacteria ,1,0.00195118,0.00195118, 
D010300 ,species ,40518,Ruminococcus bromii ,Bacteria ,192,4.334118217,2.151025,6.411043561
D010300 ,species ,40519,Ruminococcus callidus ,Bacteria ,65,0.308310235,0.0728863,0.435394857
D010300 ,species ,40520,Blautia obeum ,Bacteria ,196,0.679268335,0.3215165,1.12938976
D010300 ,species ,40542,Leptotrichia buccalis ,Bacteria ,2,0.00463126,0.00463126,0.001515966
D010300 ,species ,40543,Sneathia sanguinegens ,Bacteria ,1,0.0233061,0.0233061, 
D010300 ,species ,40545,Sutterella wadsworthensis ,Bacteria ,88,1.249630568,1.13126,0.874734214
D010300 ,species ,40682,Sphingomonas mali ,Bacteria ,1,0.00332945,0.00332945, 
D010300 ,species ,41276,Brevundimonas vesicularis ,Bacteria ,1,0.0932246,0.0932246, 
D010300 ,species ,41976,Porphyromonas catoniae ,Bacteria ,9,0.003363344,0.00258261,0.002407786
D010300 ,species ,43675,Rothia mucilaginosa ,Bacteria ,11,0.011764721,0.00856,0.010563425
D010300 ,species ,43769,Corynebacterium propinquum ,Bacteria ,1,0.163143,0.163143, 
D010300 ,species ,43990,Corynebacterium segmentosum ,Bacteria ,2,0.329867619,0.329867619,0.46579016
D010300 ,species ,43992,Bradyrhizobium liaoningense ,Bacteria ,1,0.392875,0.392875, 
D010300 ,species ,44255,Bradyrhizobium oligotrophicum ,Bacteria ,1,0.256368,0.256368, 
D010300 ,species ,44256,Caldanaerobius polysaccharolyticus ,Bacteria ,1,0.00130397,0.00130397, 
D010300 ,species ,44742,Desulfovibrio fairfieldensis ,Bacteria ,6,0.002767877,0.00294706,0.001611093
D010300 ,species ,44749,Sporobacter termitidis ,Bacteria ,16,0.288675575,0.148815,0.465996112
D010300 ,species ,45851,Butyrivibrio crossotus ,Bacteria ,35,2.568690179,0.30291,3.929748368
D010300 ,species ,46124,Granulicatella adiacens ,Bacteria ,6,0.002815515,0.00245871,0.001755298
D010300 ,species ,46125,Abiotrophia defectiva ,Bacteria ,1,0.00342095,0.00342095, 
D010300 ,species ,46206,Pseudobutyrivibrio ruminis ,Bacteria ,7,0.010041963,0.0028516,0.016054381
D010300 ,species ,46228,Ruminococcus lactaris ,Bacteria ,117,1.232922795,0.94723,1.145942748
D010300 ,species ,46503,Parabacteroides merdae ,Bacteria ,182,1.275817863,0.87002,2.155946475
D010300 ,species ,46506,Bacteroides stercoris ,Bacteria ,103,1.799407539,0.41183,3.459541495
D010300 ,species ,47246,[Clostridium] viride ,Bacteria ,17,0.080590828,0.0118644,0.122318923
D010300 ,species ,47671,Lautropia mirabilis ,Bacteria ,1,0.00474575,0.00474575, 
D010300 ,species ,47678,Bacteroides caccae ,Bacteria ,166,1.425770067,1.179775,1.351706866
D010300 ,species ,47679,Sporomusa sphaeroides ,Bacteria ,1,0.00260794,0.00260794, 
D010300 ,species ,47715,Lactobacillus rhamnosus ,Bacteria ,1,0.00183,0.00183, 
D010300 ,species ,47770,Lactobacillus crispatus ,Bacteria ,1,0.000504238,0.000504238, 
D010300 ,species ,49185,Kineosporia aurantiaca ,Bacteria ,1,0.000504238,0.000504238, 
D010300 ,species ,51663,Pediococcus damnosus ,Bacteria ,1,0.00151396,0.00151396, 
D010300 ,species ,52226,Mitsuokella multacida ,Bacteria ,25,0.09630686,0.0261561,0.123539118
D010300 ,species ,52769,Actinomyces gerencseriae ,Bacteria ,5,0.009410604,0.0040596,0.015294994
D010300 ,species ,52786,Anaerofilum agile ,Bacteria ,1,0.00100848,0.00100848, 
D010300 ,species ,52787,Anaerofilum pentosovorans ,Bacteria ,12,0.020301098,0.0187609,0.017828543
D010300 ,species ,53254,Bosea thiooxidans ,Bacteria ,1,0.0566006,0.0566006, 
D010300 ,species ,53317,Sphingomonas trueperi ,Bacteria ,1,0.00332945,0.00332945, 
D010300 ,species ,53345,Enterococcus durans ,Bacteria ,11,0.050460909,0.05179,0.041736353
D010300 ,species ,53374,Corynebacterium coyleae ,Bacteria ,1,0.283003,0.283003, 
D010300 ,species ,53398,Hyphomicrobium aestuarii ,Bacteria ,1,0.00332945,0.00332945, 
D010300 ,species ,53422,Thermobrachium celere ,Bacteria ,2,0.000688054,0.000688054,0.000259955
D010300 ,species ,53443,Blautia hydrogenotrophica ,Bacteria ,23,0.010112352,0.00712901,0.008886793
D010300 ,species ,54005,Peptoniphilus harei ,Bacteria ,4,0.150405448,0.005650655,0.292623274
D010300 ,species ,54007,Anaerococcus octavius ,Bacteria ,2,0.111972435,0.111972435,0.157119926
D010300 ,species ,54291,Raoultella ornithinolytica ,Bacteria ,3,0.004173333,0.00393,0.002543744
D010300 ,species ,54565,Desulfovibrio simplex ,Bacteria ,1,0.00170483,0.00170483, 
D010300 ,species ,55507,Schwartzia succinivorans ,Bacteria ,1,0.00114032,0.00114032, 
D010300 ,species ,55508,Janthinobacterium agaricidamnosum ,Bacteria ,1,0.00143707,0.00143707, 
D010300 ,species ,55565,Actinomyces graevenitzii ,Bacteria ,13,0.023164328,0.00632458,0.033696734
D010300 ,species ,57706,Citrobacter braakii ,Bacteria ,1,0.00195118,0.00195118, 
D010300 ,species ,57732,Enterococcus asini ,Bacteria ,1,0.000504238,0.000504238, 
D010300 ,species ,58134,[Desulfotomaculum] guttoideum ,Bacteria ,9,0.041783216,0.027288,0.047048751
D010300 ,species ,58138,Desulfotomaculum acetoxidans ,Bacteria ,1,0.00100848,0.00100848, 
D010300 ,species ,59803,Sphingomonas echinoides ,Bacteria ,1,0.00998835,0.00998835, 
D010300 ,species ,59841,Paenibacillus kobensis ,Bacteria ,2,0.00198434,0.00198434,0.000395287
D010300 ,species ,61171,Holdemania filiformis ,Bacteria ,43,0.038215245,0.02636,0.037931676
D010300 ,species ,61624,Paenibacillus mucilaginosus ,Bacteria ,2,0.001267019,0.001267019,0.001078735
D010300 ,species ,61635,Acholeplasma brassicae ,Bacteria ,2,0.00305614,0.00305614,0.000669673
D010300 ,species ,66219,Lachnoclostridium phytofermentans ,Bacteria ,2,0.001311755,0.001311755,0.000177222
D010300 ,species ,66851,Methanobrevibacter oralis ,Archaea ,1,0.00352967,0.00352967, 
D010300 ,species ,66852,Methanobrevibacter sp. ,Archaea ,59,0.51275661,0.13402,0.82148233
D010300 ,species ,68892,Streptococcus infantis ,Bacteria ,10,0.006609,0.00551,0.003769351
D010300 ,species ,69393,Pantoea sp. ,Bacteria ,2,0.022115,0.022115,0.000106066
D010300 ,species ,69710,Treponema vincentii ,Bacteria ,1,0.00118644,0.00118644, 
D010300 ,species ,69823,Selenomonas sputigena ,Bacteria ,1,0.00287414,0.00287414, 
D010300 ,species ,69825,[Clostridium] indolis ,Bacteria ,17,0.157626341,0.163967,0.103196166
D010300 ,species ,70863,Shewanella oneidensis ,Bacteria ,2,0.00571271,0.00571271,0.006046668
D010300 ,species ,71433,Mesorhizobium amorphae ,Bacteria ,1,0.00998835,0.00998835, 
D010300 ,species ,73098,Kluyvera georgiana ,Bacteria ,3,0.001248909,0.00129131,0.000724402
D010300 ,species ,74426,Collinsella aerofaciens ,Bacteria ,186,1.292390075,0.4649,1.891963461
D010300 ,species ,76517,Campylobacter hominis ,Bacteria ,3,0.002401029,0.00113885,0.002754089
D010300 ,species ,76860,Streptococcus constellatus ,Bacteria ,3,0.002108143,0.00226385,0.000854556
D010300 ,species ,77095,Prevotella bryantii ,Bacteria ,5,0.095509858,0.010149,0.159606552
D010300 ,species ,77768,Prevotella albensis ,Bacteria ,4,0.14141842,0.12747345,0.127797997
D010300 ,species ,78120,Succinispira mobilis ,Bacteria ,2,0.00168849,0.00168849,0.0003715
D010300 ,species ,78331,Mycobacterium canettii ,Bacteria ,1,0.00332945,0.00332945, 
D010300 ,species ,78342,Bifidobacterium gallicum ,Bacteria ,13,0.101628902,0.010541,0.251001298
D010300 ,species ,78343,Bifidobacterium boum ,Bacteria ,3,0.05897089,0.00151396,0.099519405
D010300 ,species ,78345,Bifidobacterium merycicum ,Bacteria ,16,0.207594047,0.1254723,0.247965437
D010300 ,species ,78346,Bifidobacterium ruminantium ,Bacteria ,1,0.00087187,0.00087187, 
D010300 ,species ,79209,Desulfosporosinus meridiei ,Bacteria ,1,0.000504238,0.000504238, 
D010300 ,species ,79879,[Bacillus] clarkii ,Bacteria ,2,0.001984065,0.001984065,4.65E-05
D010300 ,species ,79880,Bacillus clausii ,Bacteria ,1,0.0020298,0.0020298, 
D010300 ,species ,82135,Atopobium vaginae ,Bacteria ,1,0.0020298,0.0020298, 
D010300 ,species ,82374,Anaerovibrio lipolyticus ,Bacteria ,3,0.006812687,0.00390236,0.0064988
D010300 ,species ,83661,Desulfonispora thiosulfatigenes ,Bacteria ,10,0.019345129,0.01007537,0.024999374
D010300 ,species ,83771,Succinivibrio dextrinosolvens ,Bacteria ,4,0.00207972,0.001282325,0.001785882
D010300 ,species ,84026,[Clostridium] methylpentosum ,Bacteria ,17,0.208437175,0.14474,0.244722365
D010300 ,species ,84030,[Clostridium] saccharolyticum ,Bacteria ,17,0.066564576,0.0700444,0.031529416
D010300 ,species ,84109,Slackia exigua ,Bacteria ,3,0.14870605,0.00210819,0.254429734
D010300 ,species ,84110,Slackia heliotrinireducens ,Bacteria ,2,0.002834729,0.002834729,0.003295812
D010300 ,species ,84112,Eggerthella lenta ,Bacteria ,31,0.047556037,0.01096,0.053559743
D010300 ,species ,84135,Gemella sanguinis ,Bacteria ,10,0.010746,0.01042,0.008311041
D010300 ,species ,85831,Bacteroides acidifaciens ,Bacteria ,17,0.015107673,0.00782381,0.017984644
D010300 ,species ,86332,Mogibacterium pumilum ,Bacteria ,1,0.00339578,0.00339578, 
D010300 ,species ,86333,Mogibacterium vescum ,Bacteria ,8,0.004381656,0.00368965,0.00318661
D010300 ,species ,87650,Facklamia sourekii ,Bacteria ,1,0.00806781,0.00806781, 
D010300 ,species ,88431,Dorea longicatena ,Bacteria ,181,0.695902783,0.34761,0.862021116
D010300 ,species ,88688,Caulobacter segnis ,Bacteria ,1,0.0366239,0.0366239, 
D010300 ,species ,89014,Blautia luti ,Bacteria ,17,0.211352,0.194576,0.111909721
D010300 ,species ,89059,Lactobacillus acidipiscis ,Bacteria ,1,0.000504238,0.000504238, 
D010300 ,species ,89524,Rubrimonas cliftonensis ,Bacteria ,2,0.00249424,0.00249424,0.000171643
D010300 ,species ,90742,Paracoccus sp. MBIC4017 ,Bacteria ,1,0.0066589,0.0066589, 
D010300 ,species ,93063,Sphingomonas aquatilis ,Bacteria ,1,0.103213,0.103213, 
D010300 ,species ,94869,Clostridium gasigenes ,Bacteria ,1,0.00100848,0.00100848, 
D010300 ,species ,97253,Eubacterium plexicaudatum ,Bacteria ,3,0.001236973,0.00087187,0.000968361
D010300 ,species ,97478,Lactobacillus mucosae ,Bacteria ,8,0.03472375,0.03433,0.008550925
D010300 ,species ,99807,Corynebacterium auriscanis ,Bacteria ,1,0.00130397,0.00130397, 
D010300 ,species ,100176,Papillibacter cinnamivorans ,Bacteria ,8,0.030360729,0.02330515,0.020427788
D010300 ,species ,100884,Coprobacillus cateniformis ,Bacteria ,7,0.178830737,0.0258673,0.411113291
D010300 ,species ,100886,Catenibacterium mitsuokai ,Bacteria ,28,0.667097857,0.57345,0.531825811
D010300 ,species ,102148,Solobacterium moorei ,Bacteria ,20,0.039498783,0.006325,0.095323873
D010300 ,species ,102684,Streptococcus infantarius ,Bacteria ,6,0.050396326,0.018299095,0.073759351
D010300 ,species ,103621,Actinomyces urogenitalis ,Bacteria ,2,0.003895415,0.003895415,0.003908158
D010300 ,species ,103892,Veillonella ratti ,Bacteria ,1,0.0020298,0.0020298, 
D010300 ,species ,105612,Lactobacillus algidus ,Bacteria ,1,0.00151396,0.00151396, 
D010300 ,species ,105841,Anaerostipes caccae ,Bacteria ,2,0.00172701,0.00172701,0.000410037
D010300 ,species ,106588,Pseudoflavonifractor capillosus ,Bacteria ,68,0.044673816,0.01728,0.05445546
D010300 ,species ,106648,Acinetobacter bereziniae ,Bacteria ,1,0.00431121,0.00431121, 
D010300 ,species ,107580,Bacteroides sp. CIP103040 ,Bacteria ,6,0.014294713,0.003666425,0.026384711
D010300 ,species ,109790,Lactobacillus jensenii ,Bacteria ,1,0.00113885,0.00113885, 
D010300 ,species ,111015,Actinomyces radicidentis ,Bacteria ,1,0.00087187,0.00087187, 
D010300 ,species ,113107,Streptococcus australis ,Bacteria ,19,0.021238947,0.01609,0.016052286
D010300 ,species ,114527,Mogibacterium diversum ,Bacteria ,7,0.108788343,0.107579,0.06989351
D010300 ,species ,114528,Mogibacterium neglectum ,Bacteria ,9,0.040074496,0.0258261,0.039526579
D010300 ,species ,114615,Bradyrhizobium sp. ORS 278 ,Bacteria ,1,0.226403,0.226403, 
D010300 ,species ,114702,Actinomyces lingnae ,Bacteria ,2,0.00234562,0.00234562,0.001716417
D010300 ,species ,115979,Bacillus nealsonii ,Bacteria ,4,0.00208593,0.001694125,0.000993199
D010300 ,species ,116085,Coprococcus catus ,Bacteria ,107,0.289108131,0.13768,0.370379871
D010300 ,species ,118748,Bulleidia extructa ,Bacteria ,1,0.00348748,0.00348748, 
D010300 ,species ,118967,Anaerorhabdus furcosa ,Bacteria ,2,0.001689189,0.001689189,0.001675774
D010300 ,species ,122355,Pseudomonas psychrophila ,Bacteria ,1,0.0014258,0.0014258, 
D010300 ,species ,126569,Paenibacillus glycanilyticus ,Bacteria ,2,0.237790485,0.237790485,0.334442437
D010300 ,species ,131111,Actinomyces turicensis ,Bacteria ,5,0.01879,0.01805,0.006497476
D010300 ,species ,133926,Olsenella uli ,Bacteria ,16,0.087636824,0.0277272,0.145400319
D010300 ,species ,134534,Acinetobacter gyllenbergii ,Bacteria ,1,0.0399534,0.0399534, 
D010300 ,species ,135082,Selenomonas infelix ,Bacteria ,1,0.00130397,0.00130397, 
D010300 ,species ,135083,Selenomonas noxia ,Bacteria ,1,0.00114553,0.00114553, 
D010300 ,species ,135719,Sphingobium amiense ,Bacteria ,1,0.00332945,0.00332945, 
D010300 ,species ,137662,Nonomuraea terrinata ,Bacteria ,9,0.004908274,0.00390236,0.003316308
D010300 ,species ,137732,Granulicatella elegans ,Bacteria ,4,0.00407801,0.002279165,0.004281659
D010300 ,species ,138595,Olsenella profusa ,Bacteria ,2,0.048044055,0.048044055,0.066118366
D010300 ,species ,143393,[Eubacterium] sulci ,Bacteria ,16,0.079037109,0.0520977,0.09732941
D010300 ,species ,147207,Collinsella intestinalis ,Bacteria ,8,0.00192818,0.0015044,0.001021531
D010300 ,species ,147645,Paracoccus yeei ,Bacteria ,1,0.0532712,0.0532712, 
D010300 ,species ,147802,Lactobacillus iners ,Bacteria ,1,0.0366239,0.0366239, 
D010300 ,species ,150055,Streptococcus lutetiensis ,Bacteria ,6,0.453946667,0.513775,0.162364753
D010300 ,species ,154046,Hungatella hathewayi ,Bacteria ,57,0.10246009,0.03071,0.138745636
D010300 ,species ,155617,Enterococcus moraviensis ,Bacteria ,2,0.001624255,0.001624255,0.000684387
D010300 ,species ,155892,Caulobacter vibrioides ,Bacteria ,1,0.0199767,0.0199767, 
D010300 ,species ,156980,Arthrobacter woluwensis ,Bacteria ,7,0.017789977,0.00237287,0.039183312
D010300 ,species ,157463,Fructobacillus ficulneus ,Bacteria ,7,0.002963821,0.0020298,0.002125149
D010300 ,species ,157692,Leptotrichia goodfellowii ,Bacteria ,2,0.00831025,0.00831025,0.001670526
D010300 ,species ,158787,Bifidobacterium scardovii ,Bacteria ,17,0.102277567,0.039119,0.172252779
D010300 ,species ,158847,Megamonas hypermegale ,Bacteria ,8,0.80588754,0.78942,0.737460731
D010300 ,species ,161879,Corynebacterium kroppenstedtii ,Bacteria ,1,0.0532712,0.0532712, 
D010300 ,species ,163011,Pseudomonas lini ,Bacteria ,1,0.0066589,0.0066589, 
D010300 ,species ,163202,Corynebacterium appendicis ,Bacteria ,1,0.189779,0.189779, 
D010300 ,species ,165179,Prevotella copri ,Bacteria ,83,6.995742436,1.55057,10.46802492
D010300 ,species ,166485,Caminicella sporogenes ,Bacteria ,11,0.005656524,0.00287414,0.010358288
D010300 ,species ,166486,Roseburia intestinalis ,Bacteria ,137,0.884790696,0.40809,1.199452616
D010300 ,species ,168384,Marvinbryantia formatexigens ,Bacteria ,5,0.013462374,0.0146,0.00827817
D010300 ,species ,169435,Anaerotruncus colihominis ,Bacteria ,39,0.317873418,0.08681,0.498379251
D010300 ,species ,171398,Paenibacillus sp. DSM 1352 ,Bacteria ,1,0.0370724,0.0370724, 
D010300 ,species ,172042,Rothia aeria ,Bacteria ,1,0.00100848,0.00100848, 
D010300 ,species ,173364,Brachybacterium sacelli ,Bacteria ,1,0.00332945,0.00332945, 
D010300 ,species ,173959,Brevibacillus invocatus ,Bacteria ,1,0.00332945,0.00332945, 
D010300 ,species ,179628,Clostridium colicanis ,Bacteria ,1,0.00287414,0.00287414, 
D010300 ,species ,180164,Blautia schinkii ,Bacteria ,9,0.007691217,0.00228063,0.008640676
D010300 ,species ,180311,Hespellia stercorisuis ,Bacteria ,16,0.008655133,0.004460305,0.009668916
D010300 ,species ,180332,Robinsoniella peoriensis ,Bacteria ,7,0.002200189,0.0014258,0.002482708
D010300 ,species ,182640,Kribbella flavida ,Bacteria ,3,0.002767819,0.00114032,0.00338475
D010300 ,species ,184870,Varibaculum cambriense ,Bacteria ,12,0.094143618,0.075675,0.078857137
D010300 ,species ,185008,Butyrivibrio hungatei ,Bacteria ,1,0.00390236,0.00390236, 
D010300 ,species ,185293,Prevotella oryzae ,Bacteria ,4,0.091587558,0.00388814,0.176648498
D010300 ,species ,185294,Prevotella paludivivens ,Bacteria ,7,0.22615584,0.00565963,0.432740096
D010300 ,species ,185300,Paludibacter propionicigenes ,Bacteria ,5,0.41708426,0.150546,0.55824831
D010300 ,species ,187101,Sneathia amnii ,Bacteria ,1,0.0266356,0.0266356, 
D010300 ,species ,187326,Megasphaera micronuciformis ,Bacteria ,2,0.00725212,0.00725212,0.008578167
D010300 ,species ,187327,Acidaminococcus intestini ,Bacteria ,17,0.004484511,0.00401,0.002768847
D010300 ,species ,189381,Bacillus marisflavi ,Bacteria ,1,0.00113193,0.00113193, 
D010300 ,species ,189722,Prevotella marshii ,Bacteria ,3,0.01335338,0.0014258,0.02086681
D010300 ,species ,191493,Corynebacterium sphenisci ,Bacteria ,1,0.00143707,0.00143707, 
D010300 ,species ,194326,Lactobacillus versmoldensis ,Bacteria ,6,0.004257882,0.003707625,0.002599214
D010300 ,species ,194702,Cardiobacterium valvarum ,Bacteria ,1,0.00114032,0.00114032, 
D010300 ,species ,196024,Aeromonas dhakensis ,Bacteria ,1,0.00287414,0.00287414, 
D010300 ,species ,197614,Streptococcus pasteurianus ,Bacteria ,8,0.014559876,0.009371455,0.014464019
D010300 ,species ,202956,Acinetobacter towneri ,Bacteria ,1,0.096554,0.096554, 
D010300 ,species ,204038,Dickeya dadantii ,Bacteria ,1,0.00287414,0.00287414, 
D010300 ,species ,204516,Bacteroides massiliensis ,Bacteria ,112,2.936407226,1.987135,3.283694955
D010300 ,species ,208226,Alkaliphilus metalliredigens ,Bacteria ,1,0.000504238,0.000504238, 
D010300 ,species ,208479,[Clostridium] bolteae ,Bacteria ,65,0.064702719,0.01501,0.137079213
D010300 ,species ,214851,Subdoligranulum variabile ,Bacteria ,2,0.001795545,0.001795545,0.001113078
D010300 ,species ,214853,Anaerofustis stercorihominis ,Bacteria ,9,0.00568229,0.00390236,0.004032479
D010300 ,species ,214856,Alistipes finegoldii ,Bacteria ,106,1.183415749,0.113805,3.441639671
D010300 ,species ,214858,Bacteroides sp. DSM 12148 ,Bacteria ,10,0.007079176,0.00269388,0.008053653
D010300 ,species ,216816,Bifidobacterium longum ,Bacteria ,168,0.822265955,0.44325,0.864895334
D010300 ,species ,216940,Spiroplasma lampyridicola ,Bacteria ,2,0.02772279,0.02772279,0.032074943
D010300 ,species ,216945,Spiroplasma syrphidicola ,Bacteria ,14,0.041985022,0.006857535,0.09962289
D010300 ,species ,216947,Spiroplasma velocicrescens ,Bacteria ,1,0.00348748,0.00348748, 
D010300 ,species ,217067,Labrys monachus ,Bacteria ,1,1.43499,1.43499, 
D010300 ,species ,217219,Meganema perideroedes ,Bacteria ,1,0.00170483,0.00170483, 
D010300 ,species ,218538,Dialister invisus ,Bacteria ,79,3.236242781,3.32558,3.313840432
D010300 ,species ,220714,Fructobacillus pseudoficulneus ,Bacteria ,1,0.0014258,0.0014258, 
D010300 ,species ,225324,Enhydrobacter aerosaccus ,Bacteria ,7,0.026558241,0.0042774,0.058902216
D010300 ,species ,227943,Lactobacillus antri ,Bacteria ,4,0.023915,0.022715,0.004183687
D010300 ,species ,228603,Prevotella shahii ,Bacteria ,8,0.23080596,0.04123605,0.330988115
D010300 ,species ,228604,Prevotella salivae ,Bacteria ,13,0.597907948,0.00342095,1.504757813
D010300 ,species ,230143,Scardovia wiggsiae ,Bacteria ,4,0.004175,0.0039,0.001691971
D010300 ,species ,234908,Sutterella stercoricanis ,Bacteria ,15,0.469523705,0.040339,0.727943834
D010300 ,species ,239935,Akkermansia muciniphila ,Bacteria ,215,8.673277839,4.39854,11.74269249
D010300 ,species ,242750,Prevotella bergensis ,Bacteria ,1,0.00261561,0.00261561, 
D010300 ,species ,246618,Bifidobacterium thermacidophilum ,Bacteria ,2,0.010625465,0.010625465,0.013425886
D010300 ,species ,246787,Bacteroides cellulosilyticus ,Bacteria ,171,1.36718432,0.78113,1.758907482
D010300 ,species ,253239,Ethanoligenens harbinense ,Bacteria ,10,0.035816091,0.02275785,0.039134797
D010300 ,species ,255723,Slackia faecicanis ,Bacteria ,4,0.05509822,0.005861505,0.101895373
D010300 ,species ,256618,Parvibaculum lavamentivorans ,Bacteria ,1,0.0765773,0.0765773, 
D010300 ,species ,256847,Lentisphaera araneosa ,Bacteria ,6,0.072876703,0.09057175,0.052173915
D010300 ,species ,261299,Intestinibacter bartlettii ,Bacteria ,45,0.04739201,0.02105,0.060311942
D010300 ,species ,264027,Algoriphagus marincola ,Bacteria ,8,0.07040639,0.03175925,0.091635179
D010300 ,species ,264463,Anaerosporobacter mobilis ,Bacteria ,2,0.000904104,0.000904104,0.000565496
D010300 ,species ,267818,Lactobacillus kefiranofaciens ,Bacteria ,7,0.432667143,0.57562,0.262792808
D010300 ,species ,270496,Desulfovibrio putealis ,Bacteria ,1,0.00287414,0.00287414, 
D010300 ,species ,279446,Aquibacillus koreensis ,Bacteria ,1,0.0020298,0.0020298, 
D010300 ,species ,281920,Porphyromonas uenonis ,Bacteria ,2,0.002389395,0.002389395,0.001552927
D010300 ,species ,282125,Sutterella sanguinus ,Bacteria ,1,0.000504238,0.000504238, 
D010300 ,species ,288965,[Clostridium] clariflavum ,Bacteria ,17,0.030342707,0.0160374,0.035135495
D010300 ,species ,290055,[Eubacterium] fissicatena ,Bacteria ,1,0.00129131,0.00129131, 
D010300 ,species ,290112,Xenorhabdus szentirmaii ,Bacteria ,1,0.00129131,0.00129131, 
D010300 ,species ,290400,Jannaschia sp. CCS1 ,Bacteria ,1,0.0732479,0.0732479, 
D010300 ,species ,291644,Bacteroides salyersiae ,Bacteria ,35,1.462243004,0.44209,2.14438473
D010300 ,species ,291645,Bacteroides nordii ,Bacteria ,33,0.037314115,0.0156476,0.043963853
D010300 ,species ,291990,Thermosediminibacter oceani ,Bacteria ,3,0.003094137,0.00143707,0.003089718
D010300 ,species ,292800,Flavonifractor plautii ,Bacteria ,33,0.023234242,0.01601,0.022896912
D010300 ,species ,293256,Desulfovibrio alkalitolerans ,Bacteria ,2,0.000970654,0.000970654,0.000659612
D010300 ,species ,301301,Roseburia hominis ,Bacteria ,176,0.695564734,0.34846,0.976417297
D010300 ,species ,301302,Roseburia faecis ,Bacteria ,17,0.512061635,0.242575,0.64027665
D010300 ,species ,302449,Corynebacterium tuscaniense ,Bacteria ,2,0.00889376,0.00889376,0.01096502
D010300 ,species ,305719,Prevotella baroniae ,Bacteria ,1,0.00100848,0.00100848, 
D010300 ,species ,308994,Dialister propionicifaciens ,Bacteria ,8,0.641961774,0.344949805,0.742872149
D010300 ,species ,309120,Dialister micraerophilus ,Bacteria ,3,0.018027613,0.0020298,0.029040219
D010300 ,species ,310297,Bacteroides plebeius ,Bacteria ,26,3.10551648,0.117995,5.534214847
D010300 ,species ,310298,Bacteroides coprocola ,Bacteria ,38,2.072662863,1.74499,2.269869033
D010300 ,species ,321327,Synechococcus sp. JA-3-3Ab ,Bacteria ,2,0.04982786,0.04982786,0.068854579
D010300 ,species ,322505,Sharpea azabuensis ,Bacteria ,3,0.005289123,0.00170483,0.007272737
D010300 ,species ,324057,Paenibacillus sp. JDR-2 ,Bacteria ,1,0.0020298,0.0020298, 
D010300 ,species ,326523,Neisseria zoodegmatis ,Bacteria ,1,0.00143707,0.00143707, 
D010300 ,species ,328812,Parabacteroides goldsteinii ,Bacteria ,34,0.170320201,0.105805,0.194210912
D010300 ,species ,328813,Alistipes onderdonkii ,Bacteria ,197,3.163054449,1.18445,7.23576901
D010300 ,species ,328814,Alistipes shahii ,Bacteria ,196,1.03258446,0.721575,0.958726817
D010300 ,species ,329854,Bacteroides intestinalis ,Bacteria ,43,0.607268927,0.05518,1.030983524
D010300 ,species ,332095,Dethiosulfatibacter aminovorans ,Bacteria ,3,0.002137893,0.00195118,0.000810474
D010300 ,species ,333367,[Clostridium] asparagiforme ,Bacteria ,31,0.025278387,0.01077,0.027068345
D010300 ,species ,337315,Candidatus Peptoniphilus massiliensis ,Bacteria ,3,0.001777573,0.0014258,0.00072887
D010300 ,species ,338188,Bacteroides finegoldii ,Bacteria ,77,0.97486013,0.29272,1.519206295
D010300 ,species ,339862,Desulfosporosinus youngiae ,Bacteria ,1,0.00087187,0.00087187, 
D010300 ,species ,341220,Lactonifactor longoviformis ,Bacteria ,6,0.003347545,0.002435895,0.003647618
D010300 ,species ,341225,[Clostridium] saccharogumia ,Bacteria ,11,0.008887518,0.00574828,0.009912324
D010300 ,species ,341694,Peptostreptococcus stomatis ,Bacteria ,5,0.003127496,0.00348748,0.001591199
D010300 ,species ,350894,Flavobacterium suncheonense ,Bacteria ,2,0.00267762,0.00267762,0.002176149
D010300 ,species ,351091,Oscillibacter valericigenes ,Bacteria ,17,1.618135471,0.933929,2.081130676
D010300 ,species ,357276,Bacteroides dorei ,Bacteria ,182,2.019997468,0.97809,2.51483622
D010300 ,species ,358220,Acidovorax sp. KKS102 ,Bacteria ,2,0.00266885,0.00266885,0.001757938
D010300 ,species ,358742,[Clostridium] aldenense ,Bacteria ,11,0.017081991,0.0022777,0.044537181
D010300 ,species ,358743,[Clostridium] citroniae ,Bacteria ,30,0.005558309,0.00310396,0.006886695
D010300 ,species ,360807,Roseburia inulinivorans ,Bacteria ,177,0.746798634,0.408053,0.801271677
D010300 ,species ,363265,Prevotella stercorea ,Bacteria ,4,0.009545,0.009175,0.003987067
D010300 ,species ,363872,Bacillus panaciterrae ,Bacteria ,4,0.002513018,0.002680415,0.001172141
D010300 ,species ,365349,Pelosinus fermentans ,Bacteria ,1,0.00118644,0.00118644, 
D010300 ,species ,371601,Bacteroides xylanisolvens ,Bacteria ,126,0.45916588,0.106135,0.774142098
D010300 ,species ,376804,Bacteroides barnesiae ,Bacteria ,4,0.002066645,0.00181939,0.00108481
D010300 ,species ,376805,Bacteroides salanitronis ,Bacteria ,8,0.435740665,0.56347,0.268714049
D010300 ,species ,376806,Bacteroides gallinarum ,Bacteria ,4,0.164383885,0.11886337,0.202195564
D010300 ,species ,381741,Lactobacillus thailandensis ,Bacteria ,1,0.00100848,0.00100848, 
D010300 ,species ,384638,[Bacteroides] pectinophilus ,Bacteria ,29,0.748123454,0.6751,0.553638341
D010300 ,species ,386414,Prevotella timonensis ,Bacteria ,2,0.0057883,0.0057883,0.004620391
D010300 ,species ,387090,Bacteroides coprophilus ,Bacteria ,17,0.220009931,0.16268,0.477486496
D010300 ,species ,387661,Parabacteroides johnsonii ,Bacteria ,40,0.539414802,0.093615,1.1234016
D010300 ,species ,392015,Alicyclobacillus macrosporangiidus ,Bacteria ,1,0.00113885,0.00113885, 
D010300 ,species ,392736,Uliginosibacterium gangwonense ,Bacteria ,1,0.00114032,0.00114032, 
D010300 ,species ,395922,Coraliomargarita akajimensis ,Bacteria ,8,0.449154996,0.0858508,0.853138889
D010300 ,species ,396716,Lactobacillus hayakitensis ,Bacteria ,1,0.000504238,0.000504238, 
D010300 ,species ,397865,Barnesiella viscericola ,Bacteria ,17,1.560555985,0.775383,2.273868439
D010300 ,species ,399363,Salinicoccus kunmingensis ,Bacteria ,1,0.00332945,0.00332945, 
D010300 ,species ,407975,Prevotella pleuritidis ,Bacteria ,1,0.00226385,0.00226385, 
D010300 ,species ,410072,Coprococcus comes ,Bacteria ,171,0.59969151,0.33859,0.797410481
D010300 ,species ,411489,Clostridium sp. L2-50 ,Bacteria ,6,3.55326,4.828505,2.115658258
D010300 ,species ,419005,Prevotella amnii ,Bacteria ,6,0.009579245,0.007391525,0.00866136
D010300 ,species ,419015,Alloscardovia omnicolens ,Bacteria ,6,0.004625938,0.002387115,0.005065286
D010300 ,species ,423605,Elusimicrobium minutum ,Bacteria ,1,0.0721937,0.0721937, 
D010300 ,species ,425254,Cellulosilyticum ruminicola ,Bacteria ,1,0.00087187,0.00087187, 
D010300 ,species ,426226,Flavobacterium subsaxonicum ,Bacteria ,1,0.0799068,0.0799068, 
D010300 ,species ,426421,Sediminibacterium salmoneum ,Bacteria ,2,14.42915848,14.42915848,20.40305921
D010300 ,species ,437898,Sutterella parvirubra ,Bacteria ,10,1.566352287,0.02349205,2.745053893
D010300 ,species ,439703,Prevotella maculosa ,Bacteria ,1,0.000504238,0.000504238, 
D010300 ,species ,446660,Adlercreutzia equolifaciens ,Bacteria ,103,0.15719896,0.03952,0.393505516
D010300 ,species ,449659,Lactobacillus pobuzihii ,Bacteria ,1,0.00151271,0.00151271, 
D010300 ,species ,454154,Paraprevotella clara ,Bacteria ,53,0.456210672,0.24195,0.721105122
D010300 ,species ,454155,Paraprevotella xylaniphila ,Bacteria ,24,0.030888632,0.00823,0.038920949
D010300 ,species ,454171,Chthonomonas calidirosea ,Bacteria ,1,0.00129131,0.00129131, 
D010300 ,species ,457412,Ruminococcus sp. 5_1_39BFAA ,Bacteria ,34,1.153550588,0.90973,0.927748381
D010300 ,species ,457421,Clostridiales bacterium 1_7_47FAA ,Bacteria ,3,0.005033333,0.0052,0.000387857
D010300 ,species ,457422,Erysipelotrichaceae bacterium 2_2_44A ,Bacteria ,17,0.004335882,0.00277,0.004163889
D010300 ,species ,461393,Actinomyces massiliensis ,Bacteria ,2,0.002407724,0.002407724,0.002691936
D010300 ,species ,461876,Alkaliphilus oremlandii ,Bacteria ,2,0.001702085,0.001702085,0.000794456
D010300 ,species ,467210,Lachnoanaerobaculum saburreum ,Bacteria ,3,0.0019873,0.0014258,0.001228103
D010300 ,species ,469588,Bacteroides sp. 2_1_22 ,Bacteria ,4,0.640955,0.584175,0.435594102
D010300 ,species ,469610,Burkholderiales bacterium 1_1_47 ,Bacteria ,58,0.142414655,0.03541,0.260539329
D010300 ,species ,469613,Enterobacteriaceae bacterium 9_2_54FAA ,Bacteria ,6,0.807815,0.818845,0.102150312
D010300 ,species ,469614,Erysipelotrichaceae bacterium 6_1_45 ,Bacteria ,15,0.005755333,0.00332,0.005075632
D010300 ,species ,471189,Gordonibacter pamelaeae ,Bacteria ,41,0.121155417,0.01605,0.191908968
D010300 ,species ,471511,Bifidobacterium bombi ,Bacteria ,1,0.00862242,0.00862242, 
D010300 ,species ,472113,Geofilum rubicundum ,Bacteria ,10,0.006932221,0.00381302,0.00836299
D010300 ,species ,477666,Bacteroides graminisolvens ,Bacteria ,1,0.00342095,0.00342095, 
D010300 ,species ,480930,Lactobacillus odoratitofui ,Bacteria ,2,0.2963568,0.2963568,0.399017811
D010300 ,species ,481366,Limnobacter litoralis ,Bacteria ,2,0.001739905,0.001739905,0.001227587
D010300 ,species ,487173,Dialister succinatiphilus ,Bacteria ,12,1.824445,2.48897,1.364227191
D010300 ,species ,487174,Barnesiella intestinihominis ,Bacteria ,164,2.143060854,1.584435,1.976355896
D010300 ,species ,487175,Parasutterella excrementihominis ,Bacteria ,65,0.258085329,0.06766,0.71436324
D010300 ,species ,490188,Hydrocarboniphaga daqingensis ,Bacteria ,1,0.000504238,0.000504238, 
D010300 ,species ,491921,Megamonas rupellensis ,Bacteria ,4,0.1281175,0.11752,0.028837571
D010300 ,species ,501571,Butyricicoccus pullicaecorum ,Bacteria ,8,0.60596375,0.69913,0.397936766
D010300 ,species ,502558,Eggerthella sp. YY7918 ,Bacteria ,7,0.010096451,0.0040339,0.010857148
D010300 ,species ,504487,Jejuia pallidilutea ,Bacteria ,12,0.056943743,0.0200904,0.066233831
D010300 ,species ,520083,Lactobacillus sp. KLDS 1.0716 ,Bacteria ,2,0.0132823,0.0132823,0.015913438
D010300 ,species ,536018,Mesorhizobium australicum ,Bacteria ,1,0.00332945,0.00332945, 
D010300 ,species ,536633,Blautia glucerasea ,Bacteria ,13,0.011047684,0.0042774,0.021083996
D010300 ,species ,540746,Rudaea cellulosilytica ,Bacteria ,1,2.96654,2.96654, 
D010300 ,species ,544645,Butyricimonas virosa ,Bacteria ,15,0.358802987,0.201191,0.328941425
D010300 ,species ,552398,Ruminococcaceae bacterium D16 ,Bacteria ,43,0.133957907,0.01638,0.228637779
D010300 ,species ,564835,Pedobacter koreensis ,Bacteria ,1,0.00087187,0.00087187, 
D010300 ,species ,571800,Psychrobacter sp. G ,Bacteria ,1,0.00118644,0.00118644, 
D010300 ,species ,572010,Slackia isoflavoniconvertens ,Bacteria ,12,0.067191101,0.02515825,0.08693386
D010300 ,species ,574375,Bacillus gaemokensis ,Bacteria ,3,0.001973287,0.00195118,0.000280165
D010300 ,species ,587753,Pseudomonas chlororaphis ,Bacteria ,1,0.00332945,0.00332945, 
D010300 ,species ,589436,Prevotella fusca ,Bacteria ,5,0.3625624,0.333652,0.404288218
D010300 ,species ,589437,Prevotella scopos ,Bacteria ,6,0.040159922,0.007509225,0.067113248
D010300 ,species ,589537,Prevotella dentasini ,Bacteria ,4,0.08312092,0.07473822,0.096025313
D010300 ,species ,604330,Olsenella umbonata ,Bacteria ,16,0.054435511,0.01611535,0.127971539
D010300 ,species ,622695,Planococcus salinarum ,Bacteria ,1,0.00332945,0.00332945, 
D010300 ,species ,624186,Blattabacterium sp. (Blattella germanica) ,Bacteria ,1,0.000504238,0.000504238, 
D010300 ,species ,626929,Bacteroides clarus ,Bacteria ,52,0.291937115,0.18553,0.317855261
D010300 ,species ,626932,Alistipes indistinctus ,Bacteria ,77,0.324328701,0.10863,0.488634664
D010300 ,species ,626934,Slackia piriformis ,Bacteria ,12,0.288679167,0.26875,0.236333297
D010300 ,species ,626935,Collinsella tanakaei ,Bacteria ,13,0.318825521,0.46038,0.261092054
D010300 ,species ,626937,Christensenella minuta ,Bacteria ,18,0.348532222,0.132493,0.524229704
D010300 ,species ,626940,Phascolarctobacterium succinatutens ,Bacteria ,34,0.752548529,0.453955,0.653232447
D010300 ,species ,626947,Parasutterella secunda ,Bacteria ,5,0.02520875,0.00474575,0.040765536
D010300 ,species ,633701,Prevotella saccharolytica ,Bacteria ,7,0.521133307,0.010229,1.324454666
D010300 ,species ,645466,Anaerostipes butyraticus ,Bacteria ,7,0.003448824,0.0039119,0.001523523
D010300 ,species ,649724,Clostridium sp. ATCC BAA-442 ,Bacteria ,1,0.00718535,0.00718535, 
D010300 ,species ,649756,Anaerostipes hadrus ,Bacteria ,85,0.220646706,0.05393,0.524316797
D010300 ,species ,650643,Alistipes sp. RMA 9912 ,Bacteria ,7,0.007423213,0.00681931,0.008557844
D010300 ,species ,652716,Prevotella sp. oral taxon 299 ,Bacteria ,1,0.000504238,0.000504238, 
D010300 ,species ,658081,Lachnospiraceae bacterium 1_1_57FAA ,Bacteria ,67,1.173678657,0.32033,2.377689868
D010300 ,species ,658082,Lachnospiraceae bacterium 2_1_58FAA ,Bacteria ,23,0.599323043,0.02594,0.968341792
D010300 ,species ,658085,Lachnospiraceae bacterium 5_1_57FAA ,Bacteria ,1,0.00103,0.00103, 
D010300 ,species ,658086,Lachnospiraceae bacterium 3_1_57FAA_CT1 ,Bacteria ,35,0.050386286,0.03713,0.052210982
D010300 ,species ,658087,Lachnospiraceae bacterium 7_1_58FAA ,Bacteria ,113,0.046651062,0.02269,0.04796894
D010300 ,species ,658088,Lachnospiraceae bacterium 9_1_43BFAA ,Bacteria ,6,0.001891667,0.00194,0.001059328
D010300 ,species ,658089,Lachnospiraceae bacterium 5_1_63FAA ,Bacteria ,83,0.085521807,0.05227,0.103562571
D010300 ,species ,658655,Lachnospiraceae bacterium 1_4_56FAA ,Bacteria ,13,0.088303077,0.02121,0.103312407
D010300 ,species ,658657,Erysipelotrichaceae bacterium 21_3 ,Bacteria ,29,0.006443448,0.0051,0.00499119
D010300 ,species ,665950,Lachnospiraceae bacterium 3_1_46FAA ,Bacteria ,78,0.204017821,0.100295,0.235228347
D010300 ,species ,665951,Lachnospiraceae bacterium 8_1_57FAA ,Bacteria ,68,0.531703824,0.26637,0.642189059
D010300 ,species ,665956,Subdoligranulum sp. 4_3_54A2FAA ,Bacteria ,14,0.721779286,0.536435,0.450038425
D010300 ,species ,671267,Bacteroides sartorii ,Bacteria ,16,0.011098181,0.00634934,0.011754418
D010300 ,species ,673862,Candidatus Babela massiliensis ,Bacteria ,1,0.319627,0.319627, 
D010300 ,species ,674529,Bacteroides faecis ,Bacteria ,67,0.839572687,0.34391,0.975635093
D010300 ,species ,679249,Lactobacillus floricola ,Bacteria ,4,0.016004113,0.012939295,0.017209997
D010300 ,species ,691816,Bacteroides rodentium ,Bacteria ,13,0.067727428,0.00605086,0.151300149
D010300 ,species ,705309,Bifidobacterium sp. JCM 6439 ,Bacteria ,1,0.00718535,0.00718535, 
D010300 ,species ,722472,Bradyrhizobium lablabi ,Bacteria ,1,0.396204,0.396204, 
D010300 ,species ,732242,Bacteroides paurosaccharolyticus ,Bacteria ,1,0.000504238,0.000504238, 
D010300 ,species ,745368,Gemmiger formicilis ,Bacteria ,16,0.007714007,0.008202355,0.00534157
D010300 ,species ,751585,Coprococcus sp. ART55/1 ,Bacteria ,24,5.799800833,5.77052,4.235174323
D010300 ,species ,755171,Peptoniphilus tyrrelliae ,Bacteria ,2,0.00919547,0.00919547,0.010538338
D010300 ,species ,762209,Bifidobacterium callitrichos ,Bacteria ,1,0.00143707,0.00143707, 
D010300 ,species ,762211,Bifidobacterium stellenboschense ,Bacteria ,3,0.001730837,0.00118644,0.000990505
D010300 ,species ,762212,Bifidobacterium biavatii ,Bacteria ,15,0.060787826,0.034821,0.088437689
D010300 ,species ,863372,Herbaspirillum huttiense ,Bacteria ,2,0.000965019,0.000965019,0.000651643
D010300 ,species ,863643,Thermincola potens ,Bacteria ,3,0.003991269,0.00087187,0.005724289
D010300 ,species ,871324,Bacteroides stercorirosoris ,Bacteria ,16,0.027229568,0.00943601,0.041037088
D010300 ,species ,871327,Parabacteroides chinchillae ,Bacteria ,1,0.00113885,0.00113885, 
D010300 ,species ,908612,Alistipes sp. HGB5 ,Bacteria ,8,22.726675,22.23655,3.690136772
D010300 ,species ,929426,Bifidobacterium sp. JCM 7042 ,Bacteria ,1,0.00431121,0.00431121, 
D010300 ,species ,931533,Lactobacillus saniviri ,Bacteria ,1,0.0045277,0.0045277, 
D010300 ,species ,937334,Caldicoprobacter faecalis ,Bacteria ,1,0.00174374,0.00174374, 
D010300 ,species ,943673,Lactobacillus brantae ,Bacteria ,3,0.01031724,0.00258261,0.013611937
D010300 ,species ,983706,Bifidobacterium reuteri ,Bacteria ,3,0.00137874,0.00143707,0.000170777
D010300 ,species ,985664,Bacillus sp. CCUG 60788 ,Bacteria ,1,0.00332945,0.00332945, 
D010300 ,species ,1027273,Endozoicomonas montiporae ,Bacteria ,1,0.000504238,0.000504238, 
D010300 ,species ,1032476,Nonomuraea soli ,Bacteria ,3,0.001224296,0.00113885,0.000766362
D010300 ,species ,1042156,Clostridium sp. SY8519 ,Bacteria ,1,0.00143707,0.00143707, 
D010300 ,species ,1070699,Clostridiaceae bacterium JC118 ,Bacteria ,16,0.1985525,0.114545,0.215919826
D010300 ,species ,1077464,Streptococcus tigurinus ,Bacteria ,1,0.00183,0.00183, 
D010300 ,species ,1078480,Haemophilus sputorum ,Bacteria ,2,0.015732705,0.015732705,0.010151076
D010300 ,species ,1099853,Coprobacter fastidiosus ,Bacteria ,80,0.232106375,0.071135,0.470571509
D010300 ,species ,1110546,Veillonella tobetsuensis ,Bacteria ,4,0.01934544,0.00360796,0.03315316
D010300 ,species ,1113588,Bacillus sp. NBRC 3527 ,Bacteria ,1,0.00129131,0.00129131, 
D010300 ,species ,1114022,Lactobacillus sp. NBRC 107199 ,Bacteria ,1,0.00114032,0.00114032, 
D010300 ,species ,1118060,Enorma massiliensis phI ,Bacteria ,4,0.0041525,0.0032,0.004042469
D010300 ,species ,1118061,Alistipes obesi ,Bacteria ,173,1.281911156,1.01161,1.458381085
D010300 ,species ,1121298,Clostridium amylolyticum ,Bacteria ,14,0.009969609,0.00409465,0.012759598
D010300 ,species ,1121961,Hirschia maritima ,Bacteria ,1,0.000504238,0.000504238, 
D010300 ,species ,1124188,Flavobacterium fontis ,Bacteria ,10,0.010333227,0.00423798,0.012111
D010300 ,species ,1126833,Paenibacillus beijingensis ,Bacteria ,2,0.001006095,0.001006095,0.000189823
D010300 ,species ,1131462,Dehalobacter sp. CF ,Bacteria ,3,0.003684683,0.00129131,0.004276872
D010300 ,species ,1161942,Ruminococcus champanellensis ,Bacteria ,23,0.594361757,0.0613737,0.912241892
D010300 ,species ,1202724,Flavobacterium akiainvivens ,Bacteria ,1,0.066589,0.066589, 
D010300 ,species ,1203033,Lactobacillus hominis ,Bacteria ,3,0.001731679,0.00210819,0.001089141
D010300 ,species ,1211813,Candidatus Alistipes marseilloanorexicus AP11 ,Bacteria ,24,0.899265833,0.731915,0.710422147
D010300 ,species ,1226323,Oscillibacter sp. KLE 1745 ,Bacteria ,8,0.581975,0.597425,0.176150228
D010300 ,species ,1288121,Alistipes senegalensis ,Bacteria ,95,0.060628947,0.03419,0.074585045
D010300 ,species ,1291540,Candidatus Methanomethylophilus alvus ,Archaea ,2,0.068354805,0.068354805,0.09301593
D010300 ,species ,1297750,Bacteroides luti ,Bacteria ,18,0.654472193,0.4886035,0.705497985
D010300 ,species ,1355477,Bradyrhizobium diazoefficiens ,Bacteria ,1,0.0066589,0.0066589, 
D010300 ,species ,1416614,Gloeobacter kilaueensis ,Bacteria ,2,0.00287223,0.00287223,0.000760027
D010300 ,species ,1465754,Alistipes timonensis ,Bacteria ,17,0.612174682,0.0897544,1.624161058
D010300 ,species ,1579979,Wenzhouxiangella marina ,Bacteria ,1,0.00130397,0.00130397, 
D010300 ,species ,1590651,Paenibacillus sp. VKM B-2647 ,Bacteria ,11,0.022939801,0.00712901,0.030730673
D010300 ,species ,1671366,Ruminococcus sp. DSM 100440 ,Bacteria ,4,0.001374122,0.00144203,0.000703997
D010300 ,species ,1715347,Garciella sp. YIM G1-1 ,Bacteria ,1,0.0221865,0.0221865, 
